prolific_id,1_mgp_timer_First Click,1_mgp_timer_Last Click,1_mgp_timer_Page Submit,1_mgp_timer_Click Count,1_mgp_response,2_mgp_timer_First Click,2_mgp_timer_Last Click,2_mgp_timer_Page Submit,2_mgp_timer_Click Count,2_mgp_response,3_mgp_timer_First Click,3_mgp_timer_Last Click,3_mgp_timer_Page Submit,3_mgp_timer_Click Count,3_mgp_response,wait_timer_First Click,wait_timer_Last Click,wait_timer_Page Submit,wait_timer_Click Count,task_timer_First Click,task_timer_Last Click,task_timer_Page Submit,task_timer_Click Count,attention_check,mpg_check,age,sex,race,politics_1,FL_15_DO
62a798d786fb6f14c3891cb9,0,0,3.008,0,110,0,0,3.007,0,40,0,0,3.108,0,15,0,0,5.011,0,7.122,7.122,259.444,1,3,1,30,1,1,2,overestimatorsfeedback
62a89be86d9e57cf67ae5649,0,0,3.127,0,124,1.716,1.716,3.117,1,32,0,0,3.017,0,50,0,0,5.12,0,16.815,16.815,252.399,1,3,2,25,1,7,2,underestimatorsfeedback
610be8399eeafae151cb3a36,0,0,3.01,0,70,0,0,3.008,0,60,0,0,3.012,0,45,0,0,5.109,0,6.191,6.191,236.817,1,3,2,23,2,2,1,underestimatorsfeedback
5cae289c2cbd06001327c0a3,0,0,3.105,0,125,0,0,3.007,0,57,0,0,3.007,0,70,0,0,5.007,0,18.829,18.829,301.898,1,3,1,63,2,7,0,overestimatorsfeedback
6155bb7bd61da3e93bc842e8,0,0,3.013,0,20,0,0,3.014,0,15,0,0,3.107,0,50,0,0,5.007,0,31.232,31.232,301.736,1,3,2,32,1,2,2,underestimatorsfeedback
5fadd599050603201f41b312,0,0,3.009,0,220,0,0,3.01,0,70,0,0,3.114,0,98,0,0,5.009,0,22.661,22.661,212.881,1,3,2,32,2,1,4,underestimatorsfeedback
5ac2a84e5cd10500016219e9,0,0,3.112,0,100,0,0,3.01,0,60,0,0,3.11,0,40,0,0,5.008,0,5.893,169.561,182.549,2,3,2,21,2,1,3,underestimatorsfeedback
5fc6a3a40fa45d0875801073,2.803,2.803,3.012,1,60,0,0,3.014,0,25,0,0,3.011,0,25,0,0,5.008,0,6.051,175.691,181.873,4,3,1,19,1,7,5,overestimatorsfeedback
60e7739644eb45bfddedf039,0,0,3.009,0,200,0,0,3.01,0,80,0,0,3.009,0,60,0,0,5.008,0,3.405,43.381,301.24,3,3,1,34,1,7,3,overestimatorsfeedback
5dd31c4a92371d32f2fa607a,0,0,3.121,0,250,0,0,3.12,0,45,0,0,3.022,0,80,0,0,5.022,0,8.244,8.244,301.121,1,3,1,38,2,8,5,overestimatorsfeedback
5ee9745d9562c93212057ebb,0,0,3.007,0,67,0,0,3.109,0,42,0,0,3.008,0,33,0,0,5.007,0,10.714,10.714,208.796,1,3,2,31,2,1,1,underestimatorsfeedback
61562037d8d42a74687762c6,0,0,3.106,0,200,0,0,3.105,0,40,0,0,3.006,0,50,0,0,5.07,0,5.069,172.859,181.666,4,3,1,27,1,7,1,overestimatorsfeedback
5ad431057677430001c9194a,0,0,3.111,0,456,0,0,3.114,0,57,1.453,2.703,3.12,3,221,0,0,5.015,0,2.356,2.356,181.693,1,3,2,27,1,1,3,underestimatorsfeedback
5e276413061ea89a4e2a03f6,0,0,3.111,0,150,0,0,3.012,0,70,0,0,3.116,0,80,0,0,5.008,0,13.59,13.59,206.64,1,3,1,26,1,2,5,overestimatorsfeedback
61048c63f7c9c64bdc0b73a5,0,0,3.113,0,66,0,0,3.011,0,35,0,0,3.112,0,77,0,0,5.014,0,8.164,8.164,228.934,1,3,1,21,2,7,0,overestimatorsfeedback
5c2c37bc2c45d400014a2666,0,0,3.11,0,250,0,0,3.107,0,95,0,0,3.011,0,52,0,0,5.014,0,9.159,9.159,181.191,1,3,2,33,2,3,2,underestimatorsfeedback
5b47b4257356580001f34fc3,0,0,3.117,0,60,0,0,3.109,0,50,0,0,3.113,0,40,0,0,5.119,0,19.724,19.724,198.01,1,3,2,31,1,3,1,underestimatorsfeedback
5d946449f5241f0018fe2af2,0,0,3.007,0,200,0,0,3.112,0,50,0,0,3.016,0,30,0,0,5.011,0,2.992,2.992,301.139,1,3,1,42,2,7,4,overestimatorsfeedback
5ddbecafe2e08f000fd60e39,0,0,3.024,0,160,0,0,3.151,0,70,0,0,3.131,0,120,0,0,5.141,0,7.35,179.503,182.415,2,3,1,20,2,2,1,overestimatorsfeedback
5bde3d1a3ec77c0001bddc37,0,0,3.107,0,100,0,0,3.007,0,80,0,0,3.107,0,40,0,0,5.011,0,8.851,8.851,252.228,1,3,2,35,2,7,0,underestimatorsfeedback
5af7094225561e00013acd70,0,0,3.107,0,200,0,0,3.007,0,60,0,0,3.007,0,70,0,0,5.005,0,1.643,206.091,206.766,7,3,1,34,1,7,0,overestimatorsfeedback
5f4df2b4bdb2449bd751ce51,0,0,3.008,0,680,0,0,3.007,0,160,0,0,3.107,0,130,0,0,5.007,0,5.977,50.086,301.485,2,3,2,36,1,7,2,underestimatorsfeedback
57237767844581001202947a,0,0,3.122,0,100,0,0,3.008,0,55,0,0,3.011,0,50,0,0,5.121,0,9.801,9.801,186.339,1,3,2,30,1,2,5,underestimatorsfeedback
5df27b81acd5ce18b4bd225c,0,0,3.014,0,150,0,0,3.116,0,60,0,0,3.016,0,40,0,0,5.01,0,20.485,20.485,301.283,1,3,2,57,1,7,3,underestimatorsfeedback
5f4e5470ade9a50008e5df29,0,0,3.016,0,160,0,0,3.02,0,80,0,0,3.024,0,40,0,0,5.123,0,9.874,10.626,295.476,2,3,2,39,1,7,1,underestimatorsfeedback
5e9f5c69290ef80c286040e5,0,0,3.006,0,200,0,0,3.11,0,50,0,0,3.007,0,50,0,0,5.115,0,14.878,14.878,216.341,1,3,1,32,1,7,7,overestimatorsfeedback
5b5e7e643bac1d0001f9bf28,0,0,3.107,0,170,0,0,3.006,0,100,0,0,3.006,0,39,0,0,5.107,0,10.942,12.432,275.729,2,3,1,34,1,7,0,overestimatorsfeedback
5e5bf32829348a3cb01ffaa1,0,0,3.108,0,150,1.173,1.173,3.115,1,45,0,0,3.007,0,100,0,0,5.111,0,3.717,3.717,196.111,1,3,1,28,2,1,5,overestimatorsfeedback
5e4463978ea5130700f56037,0,0,3.132,0,200,0,0,3.132,0,150,0,0,3.02,0,50,0,0,5.126,0,6.173,6.173,217.16,1,3,1,55,1,7,7,overestimatorsfeedback
5484949efdf99b0379939cc6,0,0,3.123,0,300,0,0,3.022,0,100,0,0,3.023,0,70,0,0,5.019,0,3.678,3.678,183.501,1,3,2,37,1,7,1,underestimatorsfeedback
5c50a22dee5ae100010a471d,0,0,3.007,0,80,0,0,3.106,0,55,0,0,3.009,0,45,0,0,5.109,0,6.86,6.86,239.694,1,3,2,31,3,4,0,underestimatorsfeedback
575897a0cb138100064799f8,0,0,3.018,0,300,0,0,3.025,0,150,0,0,3.117,0,70,0,0,5.019,0,14.578,14.578,206.654,1,3,1,36,3,5,0,overestimatorsfeedback
6154c1748e0de2c3afdab62c,0,0,3.015,0,100,0,0,3.015,0,50,0,0,3.111,0,50,0,0,5.006,0,19.66,19.66,301.488,1,3,1,34,1,7,5,overestimatorsfeedback
5f5d072a03bb910d975cc8ab,0,0,3.106,0,125,0,0,3.008,0,70,0,0,3.007,0,60,0,0,6.188,0,10.266,10.266,224.238,1,3,1,28,2,1,5,overestimatorsfeedback
6277ed0d8118051ddfc450a8,0,0,3.008,0,150,0,0,3.109,0,45,0,0,3.008,0,100,0,0,5.012,0,9.907,9.907,201.628,1,3,2,34,1,7,4,underestimatorsfeedback
628e6bee546e57a3306cca6c,0,0,3.006,0,125,0,0,3.012,0,50,0,0,3.009,0,35,0,0,5.007,0,6.316,6.316,223.657,1,3,1,19,2,1,1,overestimatorsfeedback
60fd047a6cb68645df195a3e,0,0,3.01,0,100,0,0,3.11,0,30,0,0,3.008,0,40,0,0,5.007,0,7.611,7.611,196.989,1,3,1,21,2,7,4,overestimatorsfeedback
5e3af6ddf361d8303ac4780e,0,0,3.015,0,180,0,0,3.015,0,79,0,0,3.117,0,64,0,0,5.007,0,9.795,179.346,181.841,3,3,1,28,2,1,2,overestimatorsfeedback
6101d7d0ee4b4bd732136ee7,0,0,3.114,0,90,0,0,3.113,0,35,0,0,3.007,0,50,0,0,5.007,0,8.306,8.306,251.196,1,3,2,22,2,7,0,underestimatorsfeedback
6108ac1e801e23ad2a25e7f0,0,0,3.01,0,120,0,0,3.011,0,80,0,0,3.107,0,70,0,0,5.008,0,5.165,5.165,193.048,1,3,2,23,2,7,0,underestimatorsfeedback
5d8c4b8a6c75740018fd049c,0,0,3.107,0,50,0,0,3.006,0,45,0,0,3.007,0,29,0,0,5.008,0,2.647,125.733,181.314,2,3,2,26,1,3,2,underestimatorsfeedback
60fffd0b6bab1b908dc7a8d6,0,0,3.11,0,250,0,0,3.111,0,80,0,0,3.007,0,100,0,0,5.111,0,6.409,184.172,184.659,5,3,2,25,2,7,0,underestimatorsfeedback
5ebef33979146d2b2510b642,0,0,3.113,0,340,0,0,3.01,0,130,0,0,3.106,0,180,0,0,5.013,0,28.589,29.362,300.926,2,3,2,24,1,1,6,underestimatorsfeedback
628509244930455cbb7cfd4c,0,0,3.116,0,300,0,0,3.006,0,180,0,0,3.006,0,85,0,0,5.005,0,28.1,30.504,244.332,2,3,2,30,1,7,4,underestimatorsfeedback
5aeb8db38db5b00001ad8d26,0,0,3.007,0,170,0,0,3.011,0,53,0,0,3.11,0,56,0,0,5.006,0,2.969,180.04,181.461,4,3,1,33,1,7,2,overestimatorsfeedback
5b2489070ec82d0001d1dbb2,0,0,3.007,0,175,0,0,3.009,0,100,0,0,3.108,0,65,0,0,5.107,0,4.885,141.348,181.693,2,3,2,43,2,7,1,underestimatorsfeedback
589ce4d65e63bf00013b3175,0,0,3.132,0,60,0,0,3.024,0,25,0,0,3.107,0,30,0,0,5.124,0,2.022,2.022,186.461,1,3,1,27,2,7,6,overestimatorsfeedback
5f7d4a2c5db79d21c7d07240,0,0,3.11,0,50,0,0,3.006,0,100,0,0,3.112,0,60,0,0,5.007,0,10.524,10.524,215.923,1,3,1,28,2,1,3,overestimatorsfeedback
55fb068b77f33b0005cb1efc,0,0,3.018,0,250,0,0,3.019,0,50,0,0,3.123,0,36,0,0,5.022,0,18.656,18.656,253.846,1,3,2,30,2,1,0,underestimatorsfeedback
62a7587254eebd936619a9aa,0,0,3.106,0,80,0,0,3.011,0,35,0,0,3.01,0,50,0,0,5.133,0,7.551,7.551,216.571,1,3,2,22,2,7,0,underestimatorsfeedback
5ba4acc91fadfd0001af046d,0,0,3.014,0,120,0,0,3.015,0,55,0,0,3.11,0,65,0,0,5.007,0,12.87,13.325,227.109,2,3,1,40,2,7,1,overestimatorsfeedback
60fd9f0cbe8280ffb4ab5a5d,0,0,3.109,0,180,0,0,3.007,0,65,0,0,3.012,0,55,0,0,5.011,0,6.162,6.162,221.581,1,3,1,18,2,8,4,overestimatorsfeedback
62850b745c7bc322ecbbcd25,0,0,3.008,0,150,0,0,3.008,0,35,0,0,3.107,0,45,0,0,5.009,0,18.607,18.607,301.232,1,3,1,52,3,7,0,overestimatorsfeedback
60fdb183b85953a480282d9f,0,0,3.108,0,100,0,0,3.009,0,80,0,0,3.007,0,50,0,0,5.008,0,9.463,155.614,196.829,4,3,1,22,2,7,3,overestimatorsfeedback
596c36966956b40001c59d4e,0,0,3.106,0,150,0,0,3.007,0,40,0,0,3.008,0,70,0,0,5.008,0,16.444,16.444,301.238,1,3,1,23,2,7,0,overestimatorsfeedback
5eb4a91af2291f30f6b73c9c,0,0,3.016,0,13,0,0,3.015,0,30,0,0,3.116,0,80,0,0,5.017,0,4.284,130.797,187.743,2,3,1,33,2,1,5,overestimatorsfeedback
5f3fe8213fef9609d0a19426,0,0,3.119,0,40,0,0,3.118,0,20,0,0,3.116,0,30,0,0,5.018,0,4.22,4.22,181.744,1,3,1,26,2,3,5,overestimatorsfeedback
570d891d42a1db000fc65b4d,0,0,3.01,0,150,0,0,3.011,0,200,0,0,3.114,0,45,0,0,5.112,0,7.497,176.997,237.136,4,3,1,45,2,7,4,overestimatorsfeedback
617642ca8a1f195705dedaf2,0,0,3.11,0,180,0,0,3.111,0,60,0,0,3.008,0,60,0,0,5.007,0,14.221,14.221,181.082,1,3,2,41,1,7,5,underestimatorsfeedback
611112142433b5e95c84acd9,0,0,3.12,0,150,0,0,3.119,0,45,0,0,3.023,0,50,0,0,5.017,0,5.356,175.604,183.678,2,3,2,27,2,7,0,underestimatorsfeedback
6063c5271b6ec3a3b98fc518,0,0,3.007,0,5,0,0,3.006,0,20,0,0,3.006,0,20,0,0,5.107,0,5.758,5.758,301.596,1,3,2,22,2,2,5,underestimatorsfeedback
5fc6df58f380620a09116434,0,0,3.015,0,150,0,0,3.015,0,60,0,0,3.013,0,100,0,0,5.007,0,4.767,4.767,182.12,1,3,1,22,2,7,5,overestimatorsfeedback
62a3155c5cd5a19c5b1c8318,0,0,3.012,0,200,0,0,3.121,0,70,0,0,3.01,0,40,0,0,5.009,0,21.794,21.794,247.697,1,3,2,29,1,7,2,underestimatorsfeedback
603b2f67a0efdd74faf90ec5,0,0,3.114,0,115,0,0,3.109,0,38,0,0,3.007,0,80,0,0,5.009,0,8.217,8.217,268.078,1,3,2,26,2,7,0,underestimatorsfeedback
610855e5402b0ab92c3a0759,0,0,3.006,0,50,0,0,3.112,0,27,0,0,3.107,0,28,0,0,5.009,0,8.157,175.69,182.58,9,3,2,19,2,7,2,underestimatorsfeedback
5dd8529f332b3480549fd43b,0,0,3.107,0,300,0,0,3.006,0,100,0,0,3.01,0,75,0,0,5.11,0,14.693,14.693,264.701,1,3,1,31,2,7,3,overestimatorsfeedback
62029b00ef1cb18a1337c761,0,0,3.01,0,60,0,0,3.013,0,50,0,0,3.011,0,30,0,0,5.006,0,6.069,6.069,183.786,1,3,2,28,2,7,1,underestimatorsfeedback
627a7577cbe1de8e36b06f57,0,0,3.008,0,150,0,0,3.007,0,80,0,0,3.006,0,90,0,0,5.109,0,22.422,22.422,282.999,1,3,2,24,2,1,1,underestimatorsfeedback
615290f7c80bcc8b95f5b82e,0,0,3.007,0,50,0,0,3.006,0,25,0,0,3.11,0,30,0,0,5.107,0,24.167,24.167,294.129,1,3,1,27,2,1,1,overestimatorsfeedback
6287a8c4a6303ff156cd0853,0,0,3.011,0,250,0,0,3.018,0,90,0,0,3.008,0,80,0,0,5.009,0,15.955,15.955,293.388,1,3,1,58,1,7,8,overestimatorsfeedback
57d88513995a0b0001635002,0,0,3.008,0,240,0,0,3.109,0,68,0,0,3.01,0,80,0,0,5.112,0,0,0,244.599,0,3,1,38,2,7,0,overestimatorsfeedback
5ec4b10f7e31c83a4d915cf6,0,0,3.008,0,120,0,0,3.106,0,60,0,0,3.006,0,50,0,0,5.109,0,4.58,4.58,182.92,1,3,1,23,1,1,3,overestimatorsfeedback
6099763884f606c6b24f4bea,0,0,3.113,0,100,0,0,3.112,0,73,0,0,3.107,0,50,0,0,5.117,0,25.141,25.141,293.568,1,3,2,29,2,8,4,underestimatorsfeedback
5f285dc5b09b3715fa20a14c,0,0,3.109,0,200,0,0,3.007,0,40,0,0,3.008,0,50,0,0,5.008,0,11.083,26.259,301.638,2,3,1,55,2,7,6,overestimatorsfeedback
59a2f6d14d25e800012fcbde,0,0,3.006,0,311,0,0,3.006,0,82,0,0,3.106,0,72,0,0,5.01,0,2.877,49.875,233.109,5,3,2,26,1,2,3,underestimatorsfeedback
5f6fd71189a12b5a36b86cc1,0,0,3.126,0,200,0,0,3.114,0,60,0,0,3.119,0,75,0,0,5.013,0,11.597,11.597,301.439,1,3,1,54,2,7,4,overestimatorsfeedback
6266c2af9e12be23dff07d28,0,0,3.111,0,85,0,0,3.113,0,50,0,0,3.118,0,60,0,0,5.116,0,47.683,47.683,300.196,1,3,1,51,2,2,4,overestimatorsfeedback
60fd61f390016aba98a3d0a8,0,0,3.014,0,200,0,0,3.009,0,60,0,0,3.012,0,50,0,0,5.008,0,6.573,134.718,202.802,3,3,1,24,2,7,2,overestimatorsfeedback
5e46f490a5748507c57e3c5f,0,0,3.105,0,130,0,0,3.006,0,70,0,0,3.006,0,45,0,0,5.007,0,2.799,2.799,217.14,1,3,1,41,1,1,5,overestimatorsfeedback
5a78dbb9ae9a0b0001a97212,0,0,3.007,0,200,0,0,3.109,0,80,0,0,3.108,0,50,0,0,5.007,0,10.27,225.565,225.968,2,3,1,34,1,7,0,overestimatorsfeedback
5d1fee93a3262d0019af14d2,0,0,3.009,0,300,0,0,3.013,0,325,0,0,3.107,0,165,0,0,5.109,0,2.545,2.545,210.19,1,3,2,38,1,3,4,underestimatorsfeedback
60ff2ae764a49b87b85a9786,0,0,3.008,0,110,0,0,3.005,0,60,0,0,3.009,0,48,0,0,5.01,0,5.488,178.741,182.849,2,3,2,25,2,7,0,underestimatorsfeedback
5c5c5313a3e64300012b5042,0,0,3.106,0,200,0,0,3.007,0,60,0,0,3.007,0,65,0,0,5.105,0,13.359,13.359,293.752,1,3,1,25,1,7,1,overestimatorsfeedback
616b77ca71a5882a5c40cb2d,0,0,3.015,0,500,0,0,3.018,0,300,0,0,3.012,0,200,0,0,5.119,0,4.928,4.928,237.164,1,3,1,35,2,3,5,overestimatorsfeedback
5ed543442db0060a955d12e1,0,0,3.107,0,120,2.207,2.207,3.006,1,65,0,0,3.106,0,40,0,0,5.007,0,2.679,2.679,204.14,1,3,1,33,1,1,2,overestimatorsfeedback
5f338121e1ca2a19a97cd433,0,0,3.012,0,70,0,0,3.006,0,45,0,0,3.109,0,30,0,0,5.121,0,10.888,10.888,229.129,1,3,2,20,2,1,3,underestimatorsfeedback
61130f9a777a56345c4032db,0,0,3.007,0,150,0,0,3.108,0,100,0,0,3.105,0,150,0,0,5.115,0,13.442,13.442,273.776,1,3,1,27,2,3,0,overestimatorsfeedback
62a737bbd6b44af95062daff,0,0,3.006,0,100,0,0,3.106,0,50,0,0,3.015,0,45,1.037,2.718,5.007,2,2.395,2.395,184.504,1,3,1,24,2,7,3,overestimatorsfeedback
6123ffd66668fe39928e28b0,0,0,3.01,0,150,0,0,3.014,0,75,0,0,3.008,0,90,0,0,5.012,0,10.056,14.33,282.698,3,3,2,35,1,7,5,underestimatorsfeedback
5d1653de3935ca001b87ff71,0,0,3.018,0,200,0,0,3.125,0,100,0,0,3.024,0,70,0,0,5.023,0,7.175,7.175,301.562,1,3,1,27,1,3,1,overestimatorsfeedback
5f529349dd098b56edab5745,3.002,3.002,3.032,1,80,2.786,2.786,3.032,1,70,0,0,3.127,0,50,0,0,5.134,0,6.096,6.096,224.452,1,3,2,22,1,7,0,underestimatorsfeedback
60fce0bd5fee780f1623b6c0,0,0,3.007,0,200,0,0,3.107,0,120,0,0,3.013,0,75,0,0,5.006,0,11.261,177.133,181.771,2,3,2,21,2,7,5,underestimatorsfeedback
60fdc31fb206410b9609d04a,0,0,3.106,0,80,0,0,3.008,0,70,0,0,3.007,0,45,0,0,5.007,0,9.788,9.788,235.514,1,3,1,21,2,7,1,overestimatorsfeedback
623496c59bacf2cd22e9cee4,0,0,3.013,0,120,0,0,3.123,0,70,0,0,3.109,0,50,0,0,5.009,0,12.209,189.079,301.643,3,3,2,19,3,7,1,underestimatorsfeedback
6294cf92d70f4abd7fda7c51,0,0,3.008,0,100,0,0,3.008,0,50,0,0,3.007,0,30,0,0,5.007,0,17.61,17.61,260.213,1,3,1,25,1,7,4,overestimatorsfeedback
6111c95332b4f21de44a25c7,0,0,3.009,0,80,0,0,3.11,0,28,0,0,3.012,0,40,0,0,5.007,0,16.476,16.476,186.916,1,3,2,19,2,1,5,underestimatorsfeedback
61330c8052380cc8e9736353,0,0,3.007,0,100,0,0,3.006,0,55,0,0,3.006,0,60,0,0,5.007,0,4.935,4.935,261.263,1,3,1,26,1,1,5,overestimatorsfeedback
58503134ed99c80001cebc0a,0,0,3.005,0,101,0,0,3.113,0,52,0,0,3.005,0,35,0,0,5.01,0,11.333,11.333,214.171,1,3,2,32,2,7,1,underestimatorsfeedback
5f52fa0547e0ed603c689698,0,0,3.006,0,550,0,0,3.109,0,187,0,0,3.112,0,40,0,0,5.008,0,7.2,157.9,181.828,3,3,2,20,2,1,3,underestimatorsfeedback
5e1974bcdb54d72191658210,0,0,3.007,0,100,0,0,3.117,0,52,0,0,3.107,0,52,0,0,5.006,0,9.415,9.415,187.257,1,3,1,29,1,8,2,overestimatorsfeedback
5dd9a876ade46292e4ed97d5,0,0,3.023,0,200,0,0,3.025,0,80,0,0,3.021,0,50,0,0,5.124,0,12.847,12.847,247.883,1,3,1,59,2,7,0,overestimatorsfeedback
5e87f681ecf1c0477ae45e9d,0,0,3.014,0,299,0,0,3.113,0,80,0,0,3.015,0,70,0,0,5.016,0,12.507,198.19,254.261,2,3,1,21,2,2,5,overestimatorsfeedback
5dd438b65a40f24302c09c2d,0,0,3.121,0,250,0,0,3.111,0,75,0,0,3.112,0,92,0,0,5.008,0,4.63,4.63,238.473,1,3,2,56,,7,10,underestimatorsfeedback
58f10189738cac000116d3ab,0,0,3.134,0,800,0,0,3.11,0,60,0,0,3.013,0,30,0,0,5.016,0,5.587,5.587,192.288,1,3,1,61,2,2,2,overestimatorsfeedback
5e3afc013b12f0000a165d64,0,0,3.108,0,110,0,0,3.108,0,125,0,0,3.009,0,75,0,0,5.011,0,16.017,134.104,301.178,2,3,2,35,2,2,0,underestimatorsfeedback
548491acfdf99b0379939cc0,0,0,3.014,0,100,0,0,3.014,0,60,0,0,3.01,0,75,0,0,5.125,0,6.841,6.841,202.267,1,3,2,31,2,7,6,underestimatorsfeedback
5dde0d3ce2dcbdd798721c65,0,0,3.008,0,175,0,0,3.01,0,55,0,0,3.017,0,100,0,0,5.007,0,16.867,16.867,227.32,1,3,1,57,2,7,5,overestimatorsfeedback
5e5c88c3be924d475ff0fc34,0,0,3.105,0,48,0,0,3.104,0,54,0,0,3.005,0,80,0,0,5.008,0,3.613,3.613,301.6,1,3,2,37,2,7,5,underestimatorsfeedback
5bf55a643a426e00019e3990,0,0,3.12,0,250,0,0,3.029,0,75,0,0,3.021,0,80,0,0,5.02,0,15.034,15.034,301.029,1,3,2,57,1,7,4,underestimatorsfeedback
5ddecf14d3ac2affdc8df54c,0,0,3.108,0,300,0,0,3.007,0,85,0,0,3.015,0,75,0,0,5.012,0,2.828,2.828,200.477,1,3,2,53,2,7,0,underestimatorsfeedback
5d58b018a0c0940001a47057,0,0,3.024,0,100,0,0,3.022,0,100,0,0,3.12,0,80,0,0,5.018,0,8.945,8.945,281.403,1,3,1,47,2,7,5,overestimatorsfeedback
6138c15bd47ecca8b56a704f,0,0,3.12,0,280,0,0,3.116,0,90,0,0,3.017,0,55,0,0,5.025,0,3.53,31.369,301.927,3,3,2,31,2,7,5,underestimatorsfeedback
60258d0a581083125364dc65,0,0,3.023,0,120,0,0,3.021,0,30,0,0,3.123,0,40,0,0,5.121,0,8.657,8.657,225.805,1,3,1,28,1,3,0,overestimatorsfeedback
6102050090041d90dc5413f3,0,0,3.007,0,150,0,0,3.006,0,80,0,0,3.007,0,110,0,0,5.114,0,21.726,21.726,185.272,1,3,1,20,2,7,0,overestimatorsfeedback
5ed57bda0af83d0fc18bbff7,0,0,3.006,0,121,0,0,3.007,0,51,0,0,3.107,0,56,0,0,5.007,0,10.944,22.448,257.85,2,3,2,24,2,3,3,underestimatorsfeedback
5f736eaa35366908ce9145a2,0,0,3.01,0,150,0,0,3.006,0,100,0,0,3.114,0,40,0,0,5.007,0,3.281,3.281,181.307,1,3,2,24,1,1,5,underestimatorsfeedback
5f29aacd4eeb0b10914d3dc5,0,0,3.008,0,65,0,0,3.106,0,75,0,0,3.009,0,50,0,0,5.112,0,14.431,14.431,301.355,1,3,1,37,1,2,2,overestimatorsfeedback
60ff14c9987163faf9bf15fa,0,0,3.005,0,250,0,0,3.109,0,100,0,0,3.007,0,75,0,0,5.007,0,15.615,84,197.813,2,3,2,19,2,2,2,underestimatorsfeedback
5f68c976410f260322dc1747,0,0,3.006,0,125,0,0,3.116,0,75,0,0,3.006,0,55,0,0,5.109,0,3.541,7.163,214.466,3,3,2,29,1,7,1,underestimatorsfeedback
5700616b8a49c7000d0c73ad,0,0,3.006,0,150,0,0,3.105,0,25,0,0,3.117,0,25,0,0,5.116,0,11.292,11.292,187.575,1,3,1,34,2,7,2,overestimatorsfeedback
61719b6647a50088271d4ec9,0,0,3.115,0,75,0,0,3.007,0,50,0,0,3.014,0,40,0,0,5.007,0,1.358,1.358,216.651,1,3,2,18,2,7,0,underestimatorsfeedback
611fcf08e319f17f3ed80954,0,0,3.012,0,80,0,0,3.015,0,35,0,0,3.017,0,30,0,0,5.008,0,16.894,16.894,227.73,1,3,1,23,2,7,0,overestimatorsfeedback
5f6d434b44cd121bbb5179dc,0,0,3.124,0,134,0,0,3.026,0,95,0,0,3.023,0,52,0,0,5.019,0,14.384,14.384,274.864,1,3,2,37,2,3,6,underestimatorsfeedback
5c8ec999bb6a3c00014acf5f,0,0,3.011,0,100,0,0,3.11,0,125,0,0,3.123,0,70,0,0,5.111,0,15.002,15.002,301.759,1,3,1,54,2,3,5,overestimatorsfeedback
606e4f5c7b11218e3040a35e,0,0,3.012,0,51,0,0,3.118,0,52,0,0,3.006,0,30,0,0,5.006,0,8.513,185.355,185.707,3,3,2,37,1,1,4,underestimatorsfeedback
60fd14c394c70899a780a25f,0,0,3.007,0,52,0,0,3.111,0,64,0,0,3.11,0,38,0,0,5.012,0,2.053,7.504,207.478,2,3,1,20,2,1,2,overestimatorsfeedback
629620f5aeec88ae70bbacc2,0,0,3.119,0,12,0,0,3.007,0,100,0,0,3.007,0,50,0,0,5.007,0,6.644,6.644,301.549,1,3,2,48,2,2,5,underestimatorsfeedback
556e4e83fdf99b6d4a6a1382,0,0,3.113,0,125,0,0,3.109,0,45,0,0,3.108,0,25,0,0,5.008,0,2.56,175.926,181.353,3,3,1,39,2,7,1,overestimatorsfeedback
5d3cc9010e510a00013df6f6,0,0,3.112,0,125,0,0,3.005,0,40,0,0,3.11,0,30,0,0,5.013,0,3.208,3.208,185.799,1,3,2,23,1,3,3,underestimatorsfeedback
628795edea38f8a3b2ee9e60,0,0,3.011,0,70,0,0,3.11,0,60,0,0,3.01,0,50,0,0,5.11,0,3.757,3.757,269.119,1,3,1,52,2,7,1,overestimatorsfeedback
5bf333733a46830001a650dd,0,0,3.006,0,150,0,0,3.106,0,50,0,0,3.007,0,50,0,0,5.006,0,9.556,129.926,297.463,3,2,,,,,,underestimatorsfeedback
61283d412a2a16a077063e9d,0,0,3.015,0,100,0,0,3.019,0,30,0,0,3.12,0,30,0,0,5.118,0,73.061,73.061,301.736,1,3,2,22,2,7,1,underestimatorsfeedback
5badcd276322c5000157c196,0,0,3.008,0,150,0,0,3.014,0,60,0,0,3.01,0,35,0,0,5.12,0,3.42,3.42,276.917,1,3,2,26,2,7,2,underestimatorsfeedback
5e2de92d8844873da01af947,0,0,3.109,0,250,0,0,3.008,0,70,0,0,3.008,0,110,0,0,5.013,0,7.122,7.122,301.293,1,3,2,35,2,7,5,underestimatorsfeedback
5dd733664524e76dc4537fe2,0,0,3.008,0,347,0,0,3.01,0,215,0,0,3.011,0,88,0,0,5.012,0,8.986,8.986,196.064,1,3,2,35,2,7,1,underestimatorsfeedback
629082739390703f993b12bd,0,0,3.058,0,320,0,0,3.009,0,90,0,0,3.114,0,75,0,0,5.116,0,6.558,6.558,206.468,1,3,2,28,1,7,5,underestimatorsfeedback
5cc5e72ce3c44e0015fdf990,0,0,3.014,0,86,0,0,3.006,0,35,0,0,3.006,0,45,0,0,5.009,0,15.66,15.66,250.891,1,3,2,28,3,7,0,underestimatorsfeedback
62a74b5136555a52d4911cac,0,0,3.11,0,100,0,0,3.01,0,50,0,0,3.107,0,30,0,0,5.006,0,83.076,83.076,301.325,1,3,1,36,1,7,6,overestimatorsfeedback
5dedf76558776a4a4a845c68,2.571,2.571,3.114,1,279,0,0,3.009,0,199,0,0,3.114,0,87,0,0,5.009,0,10.411,10.411,236.548,1,3,1,50,1,7,8,overestimatorsfeedback
629f3675b8aee5cf4b93cee1,0,0,3.107,0,50,0,0,3.011,0,20,0,0,3.008,0,40,0,0,5.009,0,8.323,8.323,181.743,1,3,2,26,2,7,2,underestimatorsfeedback
5e69873c938d32244e113c95,0,0,3.005,0,145,0,0,3.006,0,43,0,0,3.007,0,64,0,0,5.107,0,17.557,17.557,219.419,1,3,2,66,1,7,5,underestimatorsfeedback
610978200236b59da80571e7,0,0,3.008,0,400,0,0,3.007,0,150,0,0,3.007,0,50,0,0,5.112,0,6.322,6.322,301.774,1,3,1,33,2,7,0,overestimatorsfeedback
60fcf05ab368fd88bb8075ad,0,0,3.006,0,180,0,0,3.01,0,70,0,0,3.007,0,107,0,0,5.109,0,14.34,14.34,208.968,1,3,2,29,2,7,3,underestimatorsfeedback
6173841b9749c0451055cd45,0,0,3.108,0,70,0,0,3.007,0,50,0,0,3.106,0,60,4.517,4.781,5.01,2,2.901,66.655,295.909,10,3,2,18,1,7,5,underestimatorsfeedback
616f47684ddc73c437a74a6c,0,0,3.113,0,260,0,0,3.012,0,89,0,0,3.016,0,75,0,0,5.015,0,8.148,8.148,226.893,1,3,1,46,2,3,6,overestimatorsfeedback
5ff3f431bb7b2959192f9be8,0,0,3.015,0,100,0,0,3.007,0,60,0,0,3.113,0,40,0,0,5.025,0,4.312,4.312,263.959,1,3,2,28,2,7,0,underestimatorsfeedback
559e82dffdf99b7a9a124180,0,0,3.006,0,224,0,0,3.114,0,78,0,0,3.006,0,78,0,0,5.015,0,14.692,116.666,301.018,8,3,1,46,2,3,3,overestimatorsfeedback
5f7789d1dc37e32f21e818aa,1.799,2.464,3.011,2,56,0,0,3.011,0,73,0,0,3.011,0,42,0,0,5.009,0,8.618,175.562,182.876,12,3,1,19,2,7,0,overestimatorsfeedback
5e7e659ae47a3d5249d9bd9e,0,0,3.018,0,500,0,0,3.125,0,700,0,0,3.117,0,250,0,0,5.124,0,7.843,7.843,181.41,1,3,2,42,2,7,0,underestimatorsfeedback
60469ae0450a7a0d20d26ee8,0,0,3.01,0,200,0,0,3.107,0,80,0,0,3.007,0,40,0,0,5.007,0,4.376,4.376,244.669,1,3,2,19,2,1,0,underestimatorsfeedback
5e0ff44218e8696f9f198d4a,0,0,3.01,0,250,0,0,3.006,0,100,0,0,3.01,0,100,0,0,5.008,0,15.917,27.572,209.719,2,3,1,56,2,7,5,overestimatorsfeedback
60a48fd2c46d793c5340f03e,0,0,3.014,0,300,0,0,3.01,0,100,0,0,3.012,0,60,0,0,5.014,0,3.983,3.983,196.884,1,3,1,28,2,1,2,overestimatorsfeedback
6112c77c4cb58daede378463,0,0,3.006,0,89,0,0,3.008,0,54,0,0,3.006,0,55,0,0,5.008,0,8.081,17.412,202.537,2,3,2,21,1,1,3,underestimatorsfeedback
60fd444309e999dd905f78f8,0,0,3.008,0,150,0,0,3.109,0,92,0,0,3.007,0,61,0,0,5.114,0,11.716,190.503,190.825,7,3,1,30,2,7,3,overestimatorsfeedback
5ce1f31a27efac0018821eed,0,0,3.12,0,100,0,0,3.108,0,60,0,0,3.011,0,43,0,0,5.114,0,10.533,10.533,275.015,1,3,1,47,1,7,7,overestimatorsfeedback
5cf6231511ba980001e3aa3d,0,0,3.015,0,220,0,0,3.014,0,75,0,0,3.015,0,30,0,0,5.007,0,18.451,18.451,277.303,1,3,1,42,2,7,0,overestimatorsfeedback
6298c34f054568ae6b380874,0,0,3.111,0,200,0,0,3.123,0,100,0,0,3.122,0,50,0,0,5.018,0,15.871,15.871,301.628,1,3,2,36,1,7,0,underestimatorsfeedback
5dcec32a367c6d000a4282c2,0,0,3.107,0,500,0,0,3.11,0,120,0,0,3.011,0,70,0,0,5.013,0,9.021,9.021,203.095,1,3,1,69,1,7,0,overestimatorsfeedback
5d85150104ad7f00180935d1,0,0,3.113,0,120,0,0,3.016,0,50,0,0,3.011,0,30,0,0,5.116,0,9.879,9.879,260.563,1,3,2,34,2,7,4,underestimatorsfeedback
5f565fa979a86f077c454e94,0,0,3.016,0,55,0,0,3.108,0,50,0,0,3.016,0,40,0,0,5.009,0,34.83,34.83,301.112,1,3,2,32,2,7,4,underestimatorsfeedback
596e5b7dc2e0220001c1015f,0,0,3.11,0,90,0,0,3.109,0,48,0,0,3.005,0,42,0,0,5.006,0,9.939,9.939,301.698,1,3,1,34,2,7,0,overestimatorsfeedback
61532109e21fff7c56edc8b6,0,0,3.007,0,70,0,0,3.107,0,50,0,0,3.008,0,40,0,0,5.006,0,15.104,15.104,208.982,1,3,1,35,2,7,5,overestimatorsfeedback
5a1980eb5d06850001b00d84,0,0,3.108,0,200,0,0,3.008,0,150,0,0,3.008,0,220,0,0,5.011,0,3.862,3.862,300.582,1,3,1,32,2,1,1,overestimatorsfeedback
5ddd1dd2b48da3c63a3ccdbb,0,0,3.108,0,145,0,0,3.013,0,68,0,0,3.008,0,63,3.858,4.409,5.013,3,3.412,45.123,301.216,3,3,1,34,1,7,9,overestimatorsfeedback
5e793f718dcced107962505b,0,0,3.114,0,100,0,0,3.107,0,30,0,0,3.009,0,24,0,0,5.008,0,16.083,16.083,301.468,1,3,2,26,4,7,0,underestimatorsfeedback
629e1261dc860cbee1a8be12,0,0,3.011,0,300,0,0,3.014,0,48,0,0,3.063,0,56,0,0,5.121,0,18.873,18.873,238.871,1,3,2,37,2,7,2,underestimatorsfeedback
62a378da05bc514b69023189,0,0,3.106,0,189,0,0,3.108,0,69,0,0,3.011,0,57,0,0,5.11,0,2.118,221.622,222.277,4,3,2,27,1,1,5,underestimatorsfeedback
628eadbdfa27b9eaea1717b9,0,0,3.107,0,300,0,0,3.011,0,140,0,0,3.01,0,80,0,0,5.114,0,19.015,19.015,301.658,1,3,2,62,1,7,2,underestimatorsfeedback
62745bb0067f8d9fc75de205,0,0,3.111,0,180,0,0,3.12,0,140,0,0,3.108,0,90,0,0,5.111,0,9.905,9.905,301.518,1,3,2,,2,7,3,underestimatorsfeedback
55b42b7cfdf99b5244217cf4,0,0,3.134,0,7,0,0,3.016,0,27,0,0,3.123,0,45,0,0,5.011,0,46.255,46.255,236.23,1,3,2,35,2,3,0,underestimatorsfeedback
581649f0b434f0000184d2a9,0,0,3.006,0,165,0,0,3.01,0,48,0,0,3.117,0,35,0,0,5.007,0,11.107,11.107,226.627,1,3,2,29,2,7,1,underestimatorsfeedback
5c91c693765dad0016f8495c,0,0,3.014,0,100,0,0,3.114,0,75,0,0,3.117,0,30,0,0,5.119,0,16.831,16.831,226.622,1,3,1,44,1,1,1,overestimatorsfeedback
6117efedb574017076d5b499,0,0,3.222,0,13,0,0,3.231,0,87,0,0,3.11,0,98,0,0,5.018,0,10.569,10.569,301.605,1,3,1,29,2,7,1,overestimatorsfeedback
5c1b9212bfd9220001a9ada0,0,0,3.009,0,100,0,0,3.007,0,50,0,0,3.015,0,30,0,0,5.013,0,2.633,2.633,236.772,1,3,1,31,1,7,10,overestimatorsfeedback
62a1e94001b65f26e2263be1,0,0,3.106,0,100,0,0,3.014,0,Under 100,0,0,3.011,0,25,0,0,5.008,0,10.223,10.223,301.601,1,1,,,,,,underestimatorsfeedback
5e3b8f110d41ad3a7bc35019,0,0,3.008,0,200,0,0,3.006,0,50,0,0,3.008,0,35,0,0,5.106,0,231.607,231.607,232.416,1,3,2,30,2,7,5,underestimatorsfeedback
5d818a4fc7221b001aee787c,0,0,3.01,0,60,0,0,3.011,0,30,0,0,3.116,0,30,0,0,5.11,0,1.348,1.348,202.518,1,3,2,45,1,7,9,underestimatorsfeedback
5b259b41a7cee100011d8c11,0,0,3.106,0,140,0,0,3.007,0,70,0,0,3.007,0,63,0,0,5.107,0,8.989,8.989,194.297,1,3,1,18,1,1,8,overestimatorsfeedback
5f0d2ad60ad0d6730c380b05,0,0,3.007,0,400,0,0,3.008,0,50,0,0,3.007,0,110,0,0,5.006,0,12.136,12.136,301.4,1,3,1,49,1,5,10,overestimatorsfeedback
5c3d07a85a994b0001c10bb2,0,0,3.106,0,145,0,0,3.005,0,113,0,0,3.007,0,66,0,0,5.007,0,0,0,301.822,0,3,1,27,1,2,3,overestimatorsfeedback
61036710e1eb1d931b7a34a6,0,0,3.011,0,0,0,0,3.006,0,50,0,0,3.011,0,45,1.332,1.332,5.107,1,7.575,7.575,301.286,1,3,1,20,2,2,1,overestimatorsfeedback
5c6499e94fec600001c2c3a5,0,0,3.008,0,200,0,0,3.007,0,150,0,0,3.007,0,100,0,0,5.007,0,8.251,8.251,200.887,1,3,2,23,2,7,4,underestimatorsfeedback
5b774f493c1375000197ad11,0,0,3.012,0,300,0,0,3.011,0,47,0,0,3.119,0,35,0,0,5.114,0,10.169,10.169,211.767,1,3,2,29,2,7,0,underestimatorsfeedback
5f6056e9a41e0d14d4c19f4c,0,0,3.106,0,250,0,0,3.106,0,120,0,0,3.006,0,100,0,0,5.015,0,2.3,38.725,301.105,2,3,1,35,1,7,8,overestimatorsfeedback
559744acfdf99b590e1e9299,0,0,3.112,0,200,0,0,3.008,0,100,0,0,3.114,0,50,0,0,5.111,0,18.904,18.904,301.339,1,3,1,37,2,1,2,overestimatorsfeedback
6287d1278f5285de4c237d50,0,0,3.113,0,90,0,0,3.113,0,70,0,0,3.006,0,56,0,0,5.007,0,12.988,12.988,301.702,1,3,2,32,1,7,5,underestimatorsfeedback
62a88a94118f2a6a66538294,0,0,3.007,0,80,0,0,3.007,0,41,0,0,3.005,0,35,0,0,5.012,0,,,,,,,,,,,overestimatorsfeedback
61009b8d84bfd7086deec45a,0,0,3.006,0,130,0,0,3.018,0,250,0,0,3.016,0,90,0,0,5.109,0,4.463,4.463,239.121,1,3,2,52,2,1,3,underestimatorsfeedback
609020b22e26eb9b220a8530,0,0,3.008,0,50,0,0,3.011,0,30,0,0,3.113,0,20,0,0,5.012,0,,,,,,,,,,,overestimatorsfeedback
60fedde71f1c55c2ce083725,0,0,3.106,0,50,0,0,3.108,0,42,0,0,3.006,0,55,0,0,5.006,0,,,,,,,,,,,overestimatorsfeedback
6122887748c825a688a6dd20,0,0,3.119,0,50,0,0,3.116,0,60,0,0,3.015,0,30,0,0,5.115,0,6.722,6.722,257.381,1,3,2,39,2,7,0,underestimatorsfeedback
611f07e8d31eb6064d7009f2,0,0,3.009,0,324,2.714,2.738,3.112,2,65,0,0,3.01,0,57,0,0,5.01,0,,,,,,,,,,,overestimatorsfeedback
5dd06a074ad3e2149c884661,0,0,3.016,0,135,0,0,3.012,0,78,0,0,3.007,0,68,0,0,5.008,0,,,,,,,,,,,overestimatorsfeedback
5e28e8730fd86a0a19e084cd,0,0,3.008,0,90,0,0,3.014,0,100,0,0,3.008,0,50,0,0,5.008,0,,,,,,,,,,,underestimatorsfeedback
5dea96a5770a431bbed1efb2,0,0,3.006,0,250,0,0,3.007,0,100,0,0,3.106,0,50,0,0,5.106,0,,,,,,,,,,,overestimatorsfeedback
610ec37ea0648de28b37fb83,0,0,3.027,0,1200,0,0,3.009,0,250,0,0,3.012,0,250,0,0,5.127,0,12.149,12.149,297.139,1,3,2,58,2,7,0,underestimatorsfeedback
59ea635d24d7bf00012f139b,0,0,3.012,0,160,0,0,3.006,0,50,0,0,3.008,0,80,0,0,5.01,0,,,,,,,,,,,underestimatorsfeedback
60fc1d9978577388f3281c3c,0,0,3.007,0,175,0,0,3.008,0,50,0,0,3.112,0,35,0,0,5.009,0,,,,,,,,,,,underestimatorsfeedback
5e02e86e67f170e232425286,0,0,3.01,0,1000,0,0,3.013,0,125,0,0,3.112,0,325,0,0,5.017,0,,,,,,,,,,,underestimatorsfeedback
5f0f18665f351603c353485f,0,0,3.008,0,56,0,0,3.114,0,38,0,0,3.113,0,38,0,0,5.01,0,,,,,,,,,,,underestimatorsfeedback
615b187c0dc61ab7e9eeb6a3,0,0,3.017,0,200,0,0,3.117,0,70,0,0,3.01,0,55,0,0,5.012,0,,,,,,,,,,,underestimatorsfeedback
5a6d4c08e6cc4a0001b6c4f6,0,0,3.007,0,130,0,0,3.008,0,41,0,0,3.007,0,27,0,0,5.008,0,,,,,,,,,,,underestimatorsfeedback
5cfc09c58c3bb80001174ace,0,0,3.007,0,200,0,0,3.007,0,140,0,0,3.007,0,80,0,0,5.007,0,,,,,,,,,,,underestimatorsfeedback
5cf5a8b77ce3400001c0bbf3,0,0,3.005,0,100,0,0,3.007,0,45,0,0,3.007,0,55,0,0,5.013,0,,,,,,,,,,,underestimatorsfeedback
60fed7d7bb3599bd50593d60,0,0,3.11,0,50,0,0,3.007,0,26,0,0,3.009,0,25,0,0,5.11,0,9.996,9.996,180.966,1,3,1,23,2,7,0,overestimatorsfeedback
5d49f28a3fefca00193319ac,0,0,3.008,0,62,0,0,3.011,0,34,2.546,2.546,3.008,1,19,0,0,5.107,0,,,,,,,,,,,overestimatorsfeedback
62730c9848db9da9ff3bf670,0,0,3.008,0,200,0,0,3.007,0,80,0,0,3.006,0,50,0,0,5.009,0,12.467,203.336,205.35,7,,,,,,,overestimatorsfeedback
62730c9848db9da9ff3bf670,0,0,3.008,0,300,0,0,3.111,0,200,0,0,3.008,0,60,0,0,5.009,0,,,,,,,,,,,underestimatorsfeedback
61719b6647a50088271d4ec9,0,0,3.11,0,60,0,0,3.007,0,55,0,0,3.009,0,35,0,0,5.009,0,,,,,,,,,,,underestimatorsfeedback
5c720c7278263500015665f9,0,0,3.115,0,80,0,0,3.01,0,41,0,0,3.008,0,34,0,0,5.014,0,,,,,,,,,,,overestimatorsfeedback
614d1ca80edfff48d8fd1bab,0,0,3.009,0,100,0,0,3.107,0,60,0,0,3.011,0,40,0,0,5.009,0,10.877,249.327,249.816,2,3,2,32,1,3,5,underestimatorsfeedback
605ab4ac7ee22780d068b662,2.28,2.28,3.121,1,170,0,0,3.007,0,125,0,0,3.019,0,52,0,0,5.01,0,,,,,,,,,,,underestimatorsfeedback
586372cae16d530001b345b8,0,0,3.011,0,250,0,0,3.117,0,210,0,0,3.107,0,105,0,0,5.109,0,3.624,129.186,301.721,3,,,,,,,underestimatorsfeedback
5ae9cadf7de272000165843c,0,0,3.008,0,60,0,0,3.017,0,40,0,0,3.007,0,40,0,0,5.012,0,,,,,,,,,,,overestimatorsfeedback
583f080a164cd30001c347ea,0.927,0.927,3.007,1,180,0,0,3.012,0,62,0.536,0.536,3.112,1,48,0,0,5.007,0,,,,,,,,,,,overestimatorsfeedback
5c58d56d53fba80001bd70c0,0,0,3.02,0,250,0,0,3.116,0,61,0,0,3.125,0,58,0,0,5.011,0,,,,,,,,,,,underestimatorsfeedback
6117e4ebcb47c9190fd23caf,0,0,3.008,0,42,0,0,3.008,0,39,0,0,3.009,0,25,0,0,5.007,0,,,,,,,,,,,overestimatorsfeedback
5e48122927eb23000af799c7,0,0,3.008,0,211,0,0,3.106,0,60,0,0,3.005,0,75,0,0,5.108,0,,,,,,,,,,,overestimatorsfeedback
613e19b189b05f24b6206290,0,0,3.01,0,120,0,0,3.008,0,55,0,0,3.111,0,30,0,0,5.01,0,,,,,,,,,,,underestimatorsfeedback
60a3c7ecc3ca164f912804dc,0,0,3.015,0,90,0,0,3.006,0,87,0,0,3.009,0,60,0,0,5.111,0,,,,,,,,,,,underestimatorsfeedback
6272aedf6abac2a395291522,0,0,3.006,0,250,0,0,3.111,0,42,0,0,3.109,0,140,0,0,5.108,0,,,,,,,,,,,overestimatorsfeedback
5af0bd948170ac0001e64b99,0,0,3.006,0,50,0,0,3.106,0,40,0,0,3.006,0,30,0,0,5.105,0,,,,,,,,,,,underestimatorsfeedback
6138c06bd7d7f2b7720e7a27,0,0,3.023,0,500,0,0,3.026,0,80,0,0,3.021,0,70,0,0,5.024,0,5.191,52.935,301.796,6,3,2,26,2,7,2,underestimatorsfeedback
5b18248744127b00013f90ce,0,0,3.021,0,400,0,0,3.037,0,85,0,0,3.025,0,50,0,0,5.132,0,,,,,,,,,,,overestimatorsfeedback
5ede9b80b8a141131edabbe1,0,0,3.117,0,250,0,0,3.022,0,100,0,0,3.12,0,50,0,0,5.119,0,,,,,,,,,,,overestimatorsfeedback
5f58fbdfd613220ce947d61a,0,0,3.02,0,300,0,0,3.025,0,150,0,0,3.122,0,30,0,0,5.029,0,,,,,,,,,,,overestimatorsfeedback
5bf333733a46830001a650dd,0,0,3.008,0,150,0,0,3.007,0,75,0,0,3.007,0,50,0,0,6.97,0,,,,,,,,,,,overestimatorsfeedback
5cb7d6cbb79f4d0017d5d253,0,0,4.373,0,120,0,0,3.01,0,80,0,0,3.012,0,70,0,0,6.643,0,8.288,8.288,187.116,1,3,2,31,1,7,7,underestimatorsfeedback
5f77c6a1a110ce346dc016ec,0,0,3.008,0,400,0,0,3.006,0,75,0,0,3.009,0,100,0,0,5.108,0,,,,,,,,,,,underestimatorsfeedback
5cc5e72ce3c44e0015fdf990,0,0,3.008,0,150,0,0,3.108,0,48,0,0,3.108,0,45,0,0,6.132,0,,,,,,,,,,,overestimatorsfeedback
5d818a4fc7221b001aee787c,0,0,3.108,0,90,0,0,3.01,0,50,0,0,3.01,0,70,0,0,5.007,0,7.501,79.249,301.278,2,,,,,,,overestimatorsfeedback
5dfda52097234ba7a779bea7,0,0,3.164,0,7852,0,0,3.126,0,1000,0,0,3.25,0,512,0,0,5.1,0,9.727,9.727,301.05,1,,,,,,,overestimatorsfeedback
57d6b1718e00270001b430cc,0,0,3.109,0,87,0,0,3.11,0,76,0,0,3.01,0,32,0,0,5.014,0,,,,,,,,,,,overestimatorsfeedback
614dd9c7fe3afb375e947a27,0,0,3.008,0,75,0,0,3.011,0,40,0,0,3.112,0,50,0,0,6.131,0,,,,,,,,,,,overestimatorsfeedback